INSERT INTO role (id, role) VALUES (1, 'Administrateur');
INSERT INTO role (id, role) VALUES (2, 'Membre');
INSERT INTO role (id, role) VALUES (3, 'Utilisateur');
INSERT INTO UTILISATEUR(id, email, nom, prenom, password, role_id) VALUES(1, 'admin@oc.com','ADMIN', 'ADMIN', '$2a$11$NWK4enrvaXbcLu0Hf4eVIe3cdNk82VO6BvfNx7UMBeHYGJjQcFMQi', '1');
INSERT INTO UTILISATEUR(id, email, nom, prenom, password, role_id) VALUES(2, 'user@oc.com', 'USER', 'USER', '$2a$11$fwbi72Ko53c6Dvd87f7d7u7hkiFQ5dGnS2SO8JYdiMO41olj78EQi', '3');
INSERT INTO UTILISATEUR(id, email, nom, prenom, password, role_id) VALUES(3, 'membre@oc.com', 'MEMBRE', 'MEMBRE', '$2a$11$yel.cNbeeJNTEa7czcLHHup4wIJVQLqay293LmAewxQZgSV05KSAK', '2');
INSERT INTO UTILISATEUR(id, email, nom, prenom, password, role_id) VALUES(4, 'glescroel@hotmail.com', 'LESCROEL', 'Gregory', '$2a$11$NWK4enrvaXbcLu0Hf4eVIe3cdNk82VO6BvfNx7UMBeHYGJjQcFMQi', '1');
INSERT INTO public.utilisateur (id, email, nom, password, prenom, role_id) VALUES (5, 'DUPONT@OC.COM', 'DUPONT', '$2a$11$poeYMQ8pqjKSk1GqvidW2./pYd6kVly0iVrwKB8uWd/YBJocoUOci', 'RENÉ', 3);
INSERT INTO public.utilisateur (id, email, nom, password, prenom, role_id) VALUES (6, 'DUBOIS@OC.COM', 'DUBOIS', '$2a$11$2LLBNGe2bzp1YUsAA7T/RuXmzK7ascvDammvpgsN10bUwOH3LQi7O', 'ANDRÉE', 3);
INSERT INTO public.utilisateur (id, email, nom, password, prenom, role_id) VALUES (7, 'SMITH@OC.COM', 'SMITH', '$2a$11$doPqn9Ex3T9zKrjm3R09m.LnjbeEMNGKWwwR2ElBcevmvaPi9uQ32', 'JOHN', 3);
INSERT INTO etat (id, etat) VALUES (1, 'Disponible');
INSERT INTO etat (id, etat) VALUES (2, 'Reserve');
INSERT INTO etat (id, etat) VALUES (3, 'Indisponible');
INSERT INTO continent (id, nom) VALUES (1, 'Europe');
INSERT INTO continent (id, nom) VALUES (2, 'Amérique du nord');
INSERT INTO continent (id, nom) VALUES (3, 'Amérique du sud');
INSERT INTO continent (id, nom) VALUES (4, 'Afrique');
INSERT INTO continent (id, nom) VALUES (5, 'Asie');
INSERT INTO continent (id, nom) VALUES (6, 'Océanie');
INSERT INTO pays (id, nom, continent_id) VALUES (1, 'France', 1);
INSERT INTO pays (id, nom, continent_id) VALUES (2, 'Etats-Unis', 2);
INSERT INTO pays (id, nom, continent_id) VALUES (3, 'Bolivie', 3);
INSERT INTO pays (id, nom, continent_id) VALUES (4, 'Canada', 2);
INSERT INTO pays (id, nom, continent_id) VALUES (5, 'Chine', 5);
INSERT INTO pays (id, nom, continent_id) VALUES (6, 'Australie', 6);
INSERT INTO pays (id, nom, continent_id) VALUES (7, 'Afrique du sud', 4);
INSERT INTO pays (id, nom, continent_id) VALUES (8, 'Maroc', 4);
INSERT INTO pays (id, nom, continent_id) VALUES (9, 'Italie', 1);
INSERT INTO pays (id, nom, continent_id) VALUES (10, 'Pérou', 3);
INSERT INTO pays (id, nom, continent_id) VALUES (11, 'Colombie', 3);
INSERT INTO pays (id, nom, continent_id) VALUES (12, 'Equateur', 3);
INSERT INTO pays (id, nom, continent_id) VALUES (13, 'Japon', 5);
INSERT INTO pays (id, nom, continent_id) VALUES (14, 'Nouvelle-Zélande', 6);
INSERT INTO public.localisation (id, adresse, departement, region, ville, continent_id, pays_id, site_id) VALUES (1, 'Route de la Haute Montagne', 'Savoie', 'PACA', 'Chambéry', 1, 1, NULL);
INSERT INTO public.localisation (id, adresse, departement, region, ville, continent_id, pays_id, site_id) VALUES (2, 'Chaînon Mosquito', '', 'Colorado', '', 2, 2, NULL);
INSERT INTO public.localisation (id, adresse, departement, region, ville, continent_id, pays_id, site_id) VALUES (3, 'Route de la Haute Montagne', 'Haute-Savoie', 'PACA', 'Montgenèvre', 1, 1, NULL);
INSERT INTO public.localisation (id, adresse, departement, region, ville, continent_id, pays_id, site_id) VALUES (4, 'Plateau de la White River', '', 'Colorado', '', 2, 2, NULL);
INSERT INTO public.localisation (id, adresse, departement, region, ville, continent_id, pays_id, site_id) VALUES (5, 'Route de la Ptite Montagne', 'Pyrénées', 'Pyrénées', 'Pyrénées city', 1, 1, NULL);
INSERT INTO public.localisation (id, adresse, departement, region, ville, continent_id, pays_id, site_id) VALUES (6, 'Route des aborigènes', 'Nouvelle Galle du Sud', 'Alpes Australiennes', 'Sydney', 6, 6, NULL);
INSERT INTO public.localisation (id, adresse, departement, region, ville, continent_id, pays_id, site_id) VALUES (7, 'Akaroa', 'Canterbury', 'Te Waipounamu', 'Christchurch', 6, 14, NULL);
INSERT INTO public.localisation (id, adresse, departement, region, ville, continent_id, pays_id, site_id) VALUES (8, '', 'GUIZHOU', 'GUIZHOU', 'GUIYANG', 5, 5, NULL);
INSERT INTO public.localisation (id, adresse, departement, region, ville, continent_id, pays_id, site_id) VALUES (9, 'TENRYU', 'NAGANO-KEN', 'CHUBU-CHIHO', 'SHIMOINA-GUN', 5, 13, NULL);
INSERT INTO public.localisation (id, adresse, departement, region, ville, continent_id, pays_id, site_id) VALUES (10, '', 'EMGWENYA', 'EMALAHLENI', 'JOHANNESBURG', 4, 7, NULL);
INSERT INTO public.localisation (id, adresse, departement, region, ville, continent_id, pays_id, site_id) VALUES (11, '', '', 'ZOUÏAT AHANESAL', 'ZAOUÏA', 4, 8, NULL);
INSERT INTO public.localisation (id, adresse, departement, region, ville, continent_id, pays_id, site_id) VALUES (12, 'GAETA', 'PROVINCIA DI LATINA', 'LAZIO', 'NAPOLI', 1, 9, NULL);
INSERT INTO public.localisation (id, adresse, departement, region, ville, continent_id, pays_id, site_id) VALUES (13, 'ESTANCIA CHURATA', 'DEPARTAMENTO DE POTOSI', 'ANTONIO QUIJARRO', 'POTOSI', 3, 3, NULL);
INSERT INTO public.localisation (id, adresse, departement, region, ville, continent_id, pays_id, site_id) VALUES (14, 'PAPALLACTA', 'CANTÓN QUIJOS', 'PROVINCIA DE NAPO', 'QUITO', 3, 12, NULL);
INSERT INTO public.site (id, nom, tag, localisation_id) VALUES (1, 'site de Chambéry', true, 1);
INSERT INTO public.site (id, nom, tag, localisation_id) VALUES (3, 'Mont Janus', true, 3);
INSERT INTO public.site (id, nom, tag, localisation_id) VALUES (4, 'Flat Top Mountain', false, 4);
INSERT INTO public.site (id, nom, tag, localisation_id) VALUES (5, 'Pic des Pyrénées', false, 5);
INSERT INTO public.site (id, nom, tag, localisation_id) VALUES (6, 'Snowy Mountains', false, 6);
INSERT INTO public.site (id, nom, tag, localisation_id) VALUES (8, 'CHUANGSHANG', false, 8);
INSERT INTO public.site (id, nom, tag, localisation_id) VALUES (11, 'TAGHIA', false, 11);
INSERT INTO public.site (id, nom, tag, localisation_id) VALUES (12, 'Montagna Spaccata', false, 12);
INSERT INTO public.site (id, nom, tag, localisation_id) VALUES (13, 'EL EDEN', false, 13);
INSERT INTO public.site (id, nom, tag, localisation_id) VALUES (14, 'CUYUJA', false, 14);
INSERT INTO public.site (id, nom, tag, localisation_id) VALUES (2, 'Mont Lincoln', true, 2);
INSERT INTO public.site (id, nom, tag, localisation_id) VALUES (7, 'Mont OTEPATOTU', true, 7);
INSERT INTO public.site (id, nom, tag, localisation_id) VALUES (10, 'BOVEN', true, 10);
INSERT INTO public.site (id, nom, tag, localisation_id) VALUES (9, 'TOYAMAGAWA', true, 9);
INSERT INTO public.secteur (id, nom, site_id) VALUES (1, 'Secteur de l"ourson', 1);
INSERT INTO public.secteur (id, nom, site_id) VALUES (2, 'Secteur de l"ours blanc', 1);
INSERT INTO public.secteur (id, nom, site_id) VALUES (3, 'Secteur 1', 2);
INSERT INTO public.secteur (id, nom, site_id) VALUES (4, 'Secteur 2', 2);
INSERT INTO public.secteur (id, nom, site_id) VALUES (5, 'Secteur 3', 2);
INSERT INTO public.secteur (id, nom, site_id) VALUES (6, 'Secteur du koala', 6);
INSERT INTO public.secteur (id, nom, site_id) VALUES (7, 'Secteur du kangourou', 6);
INSERT INTO public.secteur (id, nom, site_id) VALUES (8, 'Secteur du kiwi', 7);
INSERT INTO public.secteur (id, nom, site_id) VALUES (9, 'Secteur des Maoris', 7);
INSERT INTO public.secteur (id, nom, site_id) VALUES (10, 'SECTEUR DU PANDA', 8);
INSERT INTO public.secteur (id, nom, site_id) VALUES (11, 'LA MURAILLE', 8);
INSERT INTO public.secteur (id, nom, site_id) VALUES (12, 'SECTEUR DES SAMOURAIS', 9);
INSERT INTO public.secteur (id, nom, site_id) VALUES (14, 'SECTEUR DU NINJA SOLITAIRE', 9);
INSERT INTO public.secteur (id, nom, site_id) VALUES (15, 'SECTEUR DU KARATEKA', 9);
INSERT INTO public.secteur (id, nom, site_id) VALUES (16, 'SECTEUR 1', 10);
INSERT INTO public.secteur (id, nom, site_id) VALUES (17, 'SECTEUR 2', 10);
INSERT INTO public.secteur (id, nom, site_id) VALUES (18, 'LE DROMADAIRE', 11);
INSERT INTO public.secteur (id, nom, site_id) VALUES (19, 'LA MEDINA', 11);
INSERT INTO public.secteur (id, nom, site_id) VALUES (20, 'SECTEUR 1', 12);
INSERT INTO public.secteur (id, nom, site_id) VALUES (21, 'SECTEUR DU LAMA', 13);
INSERT INTO public.secteur (id, nom, site_id) VALUES (22, 'SECTEUR DE LA COCA', 13);
INSERT INTO public.secteur (id, nom, site_id) VALUES (23, 'VIA OTAVALO', 14);
INSERT INTO public.secteur (id, nom, site_id) VALUES (24, 'VIA DE GALAPAGOS', 14);
INSERT INTO public.secteur (id, nom, site_id) VALUES (25, 'VIA RIO BAMBA', 14);
INSERT INTO public.voie (id, cotation, equipee, nom, secteur_id) VALUES (1, '2', false, 'Pied de l"ourson', 1);
INSERT INTO public.voie (id, cotation, equipee, nom, secteur_id) VALUES (2, '4A', false, 'Tibia de l"ourson', 1);
INSERT INTO public.voie (id, cotation, equipee, nom, secteur_id) VALUES (3, '5B', true, 'Cuisse de l"ourson', 1);
INSERT INTO public.voie (id, cotation, equipee, nom, secteur_id) VALUES (4, '3B', false, 'Pied de l"ours', 2);
INSERT INTO public.voie (id, cotation, equipee, nom, secteur_id) VALUES (5, '5A', false, 'Tibia de l"ours', 2);
INSERT INTO public.voie (id, cotation, equipee, nom, secteur_id) VALUES (6, '7B', true, 'Cuisse de l"ours', 2);
INSERT INTO public.voie (id, cotation, equipee, nom, secteur_id) VALUES (7, '6B', false, 'Voie de l"aborigène', 6);
INSERT INTO public.voie (id, cotation, equipee, nom, secteur_id) VALUES (8, '6A', true, 'Voie du surf', 6);
INSERT INTO public.voie (id, cotation, equipee, nom, secteur_id) VALUES (9, '8A', false, 'Voie désertique', 7);
INSERT INTO public.voie (id, cotation, equipee, nom, secteur_id) VALUES (10, '7A', true, 'Voie du serpent', 7);
INSERT INTO public.voie (id, cotation, equipee, nom, secteur_id) VALUES (11, '8A', false, 'Voie du kiwi', 8);
INSERT INTO public.voie (id, cotation, equipee, nom, secteur_id) VALUES (12, '7A', true, 'Voie du Maori', 9);
INSERT INTO public.voie (id, cotation, equipee, nom, secteur_id) VALUES (13, '5C', true, 'PANDI', 10);
INSERT INTO public.voie (id, cotation, equipee, nom, secteur_id) VALUES (14, '6A', true, 'PANDA', 10);
INSERT INTO public.voie (id, cotation, equipee, nom, secteur_id) VALUES (15, '8C', true, 'VOIE DE LA SAGESSE', 12);
INSERT INTO public.voie (id, cotation, equipee, nom, secteur_id) VALUES (16, '8C', false, 'VOIE DE L''HONNEUR', 12);
INSERT INTO public.voie (id, cotation, equipee, nom, secteur_id) VALUES (17, '7B', false, 'VOIE DE L''INVISIBLE', 14);
INSERT INTO public.voie (id, cotation, equipee, nom, secteur_id) VALUES (18, '7C', true, 'VOIE DU SILENCE', 14);
INSERT INTO public.voie (id, cotation, equipee, nom, secteur_id) VALUES (19, '6B', false, 'VOIE RAPIDE', 15);
INSERT INTO public.voie (id, cotation, equipee, nom, secteur_id) VALUES (20, '9C', false, 'CEINTURE NOIRE', 15);
INSERT INTO public.voie (id, cotation, equipee, nom, secteur_id) VALUES (21, '5B', true, 'VOIE DU CROTALE', 16);
INSERT INTO public.voie (id, cotation, equipee, nom, secteur_id) VALUES (22, '6A', true, 'VOIE DE L''ANTILOPE', 16);
INSERT INTO public.voie (id, cotation, equipee, nom, secteur_id) VALUES (23, '8A', false, 'VOIE DU LION', 17);
INSERT INTO public.voie (id, cotation, equipee, nom, secteur_id) VALUES (24, '7C', true, 'VOIE DU GUÉPARD', 17);
INSERT INTO public.voie (id, cotation, equipee, nom, secteur_id) VALUES (25, '6A', true, 'VOIE DU DROMADAIRE', 18);
INSERT INTO public.voie (id, cotation, equipee, nom, secteur_id) VALUES (26, '4C', true, 'LE THÉ', 19);
INSERT INTO public.voie (id, cotation, equipee, nom, secteur_id) VALUES (27, '6B', false, 'LE SOUK', 19);
INSERT INTO public.voie (id, cotation, equipee, nom, secteur_id) VALUES (28, '6B', true, 'CROCE DEL SUD', 20);
INSERT INTO public.voie (id, cotation, equipee, nom, secteur_id) VALUES (29, '9A', false, 'EN ESTA LUZ TE VES COMO POSEIDÓN', 21);
INSERT INTO public.voie (id, cotation, equipee, nom, secteur_id) VALUES (30, '6A', true, 'VOIE DE L''ALPAGA', 21);
INSERT INTO public.voie (id, cotation, equipee, nom, secteur_id) VALUES (31, '6B', false, 'COCA IN', 22);
INSERT INTO public.voie (id, cotation, equipee, nom, secteur_id) VALUES (32, '8C', false, 'COCA OUT', 22);
INSERT INTO public.voie (id, cotation, equipee, nom, secteur_id) VALUES (33, '9A', false, 'LA NARIZ DEL DIABLO', 25);
INSERT INTO public.voie (id, cotation, equipee, nom, secteur_id) VALUES (34, '6A', true, 'VOIE DEL TREN', 25);
INSERT INTO public.voie (id, cotation, equipee, nom, secteur_id) VALUES (35, '4A', false, 'VOIE DU MARCHÉ', 23);
INSERT INTO public.voie (id, cotation, equipee, nom, secteur_id) VALUES (36, '5A', true, 'VOIE DU SOUVENIR', 23);
INSERT INTO public.voie (id, cotation, equipee, nom, secteur_id) VALUES (37, '4B', false, 'VOIE DE LA TORTUE', 24);
INSERT INTO public.voie (id, cotation, equipee, nom, secteur_id) VALUES (38, '5A', true, 'VOIE DE L''IGUANE', 24);
INSERT INTO public.voie (id, cotation, equipee, nom, secteur_id) VALUES (39, '7A', false, 'VOIE DU LION DE MER', 24);
INSERT INTO public.longueur (id, cotation, nom, voie_id) VALUES (1, '2', 'Orteils de l"ourson', 1);
INSERT INTO public.longueur (id, cotation, nom, voie_id) VALUES (2, '2', 'Cheville de l"ourson', 1);
INSERT INTO public.longueur (id, cotation, nom, voie_id) VALUES (3, '4A', 'Tibia de l"ourson', 2);
INSERT INTO public.longueur (id, cotation, nom, voie_id) VALUES (4, '4A', 'Genou de l"ourson', 2);
INSERT INTO public.longueur (id, cotation, nom, voie_id) VALUES (5, '5A', 'Cuisse de l"ourson', 3);
INSERT INTO public.longueur (id, cotation, nom, voie_id) VALUES (6, '5B', 'Hanche de l"ourson', 3);
INSERT INTO public.longueur (id, cotation, nom, voie_id) VALUES (7, '3A', 'CEINTURE BLANCHE', 19);
INSERT INTO public.longueur (id, cotation, nom, voie_id) VALUES (8, '3B', 'CEINTURE JAUNE', 19);
INSERT INTO public.longueur (id, cotation, nom, voie_id) VALUES (9, '4A', 'CEINTURE ORANGE', 19);
INSERT INTO public.longueur (id, cotation, nom, voie_id) VALUES (10, '4B', 'CEINTURE VERTE', 19);
INSERT INTO public.longueur (id, cotation, nom, voie_id) VALUES (11, '6A', 'CEINTURE BLEUE', 19);
INSERT INTO public.longueur (id, cotation, nom, voie_id) VALUES (12, '8A', 'CEINTURE MARRON', 19);
INSERT INTO public.commentaire (id, commentaire, utilisateur_id) VALUES (1, 'Super site ! je le recommande !', 5);
INSERT INTO public.commentaire (id, commentaire, utilisateur_id) VALUES (2, 'Un site très sympa pour les débutants !', 5);
INSERT INTO public.commentaire (id, commentaire, utilisateur_id) VALUES (3, 'Une grimpe avec de superbes vues sur la mer ! magique !', 5);
INSERT INTO public.commentaire (id, commentaire, utilisateur_id) VALUES (4, 'Au dessus des nuages : le paradis sur terre !', 6);
INSERT INTO public.commentaire (id, commentaire, utilisateur_id) VALUES (5, 'J''ai adoré ce site !', 6);
INSERT INTO public.commentaire (id, commentaire, utilisateur_id) VALUES (6, 'Proche, accessible et sympa ! J''y ai initié mes enfants !', 6);
INSERT INTO public.commentaire (id, commentaire, utilisateur_id) VALUES (7, 'Un petit site sans grande prétention mais la vue est superbe.', 6);
INSERT INTO public.commentaire (id, commentaire, utilisateur_id) VALUES (8, 'I really liked this spot ! This country is really friendly for climbers !', 7);
INSERT INTO public.commentaire (id, commentaire, utilisateur_id) VALUES (9, 'Grimpette au milieu d''un paysage coloré !', 4);
INSERT INTO public.commentaire (id, commentaire, utilisateur_id) VALUES (10, 'Il y a le ciel, le sommet et la mer !', 4);
INSERT INTO public.commentaire (id, commentaire, utilisateur_id) VALUES (11, 'Site très agréable pour niveau débutant', 4);
INSERT INTO public.commentaire (id, commentaire, utilisateur_id) VALUES (12, 'Au pays et à l''heure du soleil levant....', 4);
INSERT INTO public.commentaire (id, commentaire, utilisateur_id) VALUES (13, 'à faire en famille !', 5);
INSERT INTO public.commentaire (id, commentaire, utilisateur_id) VALUES (14, 'Habitant Chambery, j''y vais très régulièrement. je recommande !', 6);
INSERT INTO public.site_commentaires (site_id, commentaires_id) VALUES (8, 1);
INSERT INTO public.site_commentaires (site_id, commentaires_id) VALUES (12, 3);
INSERT INTO public.site_commentaires (site_id, commentaires_id) VALUES (13, 4);
INSERT INTO public.site_commentaires (site_id, commentaires_id) VALUES (3, 2);
INSERT INTO public.site_commentaires (site_id, commentaires_id) VALUES (3, 6);
INSERT INTO public.site_commentaires (site_id, commentaires_id) VALUES (5, 7);
INSERT INTO public.site_commentaires (site_id, commentaires_id) VALUES (14, 8);
INSERT INTO public.site_commentaires (site_id, commentaires_id) VALUES (2, 9);
INSERT INTO public.site_commentaires (site_id, commentaires_id) VALUES (7, 10);
INSERT INTO public.site_commentaires (site_id, commentaires_id) VALUES (10, 5);
INSERT INTO public.site_commentaires (site_id, commentaires_id) VALUES (9, 12);
INSERT INTO public.site_commentaires (site_id, commentaires_id) VALUES (1, 11);
INSERT INTO public.site_commentaires (site_id, commentaires_id) VALUES (1, 13);
INSERT INTO public.site_commentaires (site_id, commentaires_id) VALUES (1, 14);
INSERT INTO public.topo (id, description, lieu, nom, parution, continent_id, emprunteur_id, etat_id, pays_id, utilisateur_id) VALUES (1, 'DESCRIPTION DÉTAILLÉE DU SECTEUR DE MONT JANUS', 'HAUTE SAVOIE', 'MONT JANUS', '2005-05-01 00:00:00', 1, NULL, 1, 1, 5);
INSERT INTO public.topo (id, description, lieu, nom, parution, continent_id, emprunteur_id, etat_id, pays_id, utilisateur_id) VALUES (4, 'L''AMÉRIQUE DU SUD DANS TOUTE SA SPLENDEUR !', 'CORDILIÈRE DES ANDES', 'L''EDEN', '2016-07-14 00:00:00', 3, NULL, 1, 3, 6);
INSERT INTO public.topo (id, description, lieu, nom, parution, continent_id, emprunteur_id, etat_id, pays_id, utilisateur_id) VALUES (5, 'GRIMPER PRÈS D''UNE CAPITALE !', 'PROCHE DE QUITO', 'CUYUJA', '1980-05-27 00:00:00', 3, NULL, 1, 12, 7);
INSERT INTO public.topo (id, description, lieu, nom, parution, continent_id, emprunteur_id, etat_id, pays_id, utilisateur_id) VALUES (8, 'ENTRE MER ET FORÊTS', 'CHRISTCHURCH', 'NZ : MONT OTEPATOTU', '2000-04-27 00:00:00', 6, NULL, 1, 14, 4);
INSERT INTO public.topo (id, description, lieu, nom, parution, continent_id, emprunteur_id, etat_id, pays_id, utilisateur_id) VALUES (6, 'AU COEUR DES PARCS NATIONAUX US', 'FLAT TOP MOUNTAIN', 'FLAT TOP MOUNTAIN', '2000-12-31 00:00:00', 2, 4, 2, 2, 7);
INSERT INTO public.topo (id, description, lieu, nom, parution, continent_id, emprunteur_id, etat_id, pays_id, utilisateur_id) VALUES (3, 'MAGNIFIQUE SITE PROCHE DE JOHANNESBURG', 'EMGWENYA', 'AFRIQUE DU SUD : BOVEN', '1982-04-21 00:00:00', 4, 5, 2, 7, 6);
INSERT INTO public.topo (id, description, lieu, nom, parution, continent_id, emprunteur_id, etat_id, pays_id, utilisateur_id) VALUES (7, 'DES MONTAGES ORANGES AU MILIEU DE FORÊTS VERTES ET DE LACS BLEUS', 'COLORADO', 'US : MONT LINCOLN', '1998-11-20 00:00:00', 2, 5, 3, 2, 4);
INSERT INTO public.topo (id, description, lieu, nom, parution, continent_id, emprunteur_id, etat_id, pays_id, utilisateur_id) VALUES (2, 'FALAISES MAGIQUES EN BORD DE MER', 'LATIUM', 'MONTAGNA SPACCATA', '2010-05-31 00:00:00', 1, 4, 2, 9, 5);
