INSERT INTO role (id, role) VALUES (1, 'Administrateur');
INSERT INTO role (id, role) VALUES (2, 'Membre');
INSERT INTO role (id, role) VALUES (3, 'Utilisateur');
INSERT INTO UTILISATEUR(email, nom, prenom, password, role_id) VALUES('admin@axa.fr','ADMIN', 'ADMIN', '$2a$11$NWK4enrvaXbcLu0Hf4eVIe3cdNk82VO6BvfNx7UMBeHYGJjQcFMQi', '1');
INSERT INTO UTILISATEUR(email, nom, prenom, password, role_id) VALUES('user@axa.fr', 'USER', 'USER', '$2a$11$fwbi72Ko53c6Dvd87f7d7u7hkiFQ5dGnS2SO8JYdiMO41olj78EQi', '3');
INSERT INTO UTILISATEUR(email, nom, prenom, password, role_id) VALUES('membre@axa.fr', 'MEMBRE', 'MEMBRE', '$2a$11$yel.cNbeeJNTEa7czcLHHup4wIJVQLqay293LmAewxQZgSV05KSAK', '2');
INSERT INTO UTILISATEUR(email, nom, prenom, password, role_id) VALUES('glescroel@hotmail.com', 'LESCROEL', 'Gregory', '$2a$11$NWK4enrvaXbcLu0Hf4eVIe3cdNk82VO6BvfNx7UMBeHYGJjQcFMQi', '1');
INSERT INTO etat (id, etat) VALUES (1, 'Disponible');
INSERT INTO etat (id, etat) VALUES (2, 'Reserve');
INSERT INTO etat (id, etat) VALUES (3, 'Indisponible');
INSERT INTO continent (id, nom) VALUES (1, 'Europe');
INSERT INTO continent (id, nom) VALUES (2, 'Amérique du nord');
INSERT INTO continent (id, nom) VALUES (3, 'Amérique du sud');
INSERT INTO continent (id, nom) VALUES (4, 'Afrique');
INSERT INTO continent (id, nom) VALUES (5, 'Asie');
INSERT INTO continent (id, nom) VALUES (6, 'Océanie');
INSERT INTO pays (id, nom, continent_id) VALUES (1, 'France', 1);
INSERT INTO pays (id, nom, continent_id) VALUES (2, 'Etats-Unis', 2);
INSERT INTO pays (id, nom, continent_id) VALUES (3, 'Bolivie', 3);
INSERT INTO pays (id, nom, continent_id) VALUES (4, 'Canada', 2);
INSERT INTO pays (id, nom, continent_id) VALUES (5, 'Chine', 5);
INSERT INTO pays (id, nom, continent_id) VALUES (6, 'Australie', 6);
INSERT INTO pays (id, nom, continent_id) VALUES (7, 'Afrique du sud', 4);
INSERT INTO pays (id, nom, continent_id) VALUES (8, 'Maroc', 4);
INSERT INTO pays (id, nom, continent_id) VALUES (9, 'Italie', 1);
INSERT INTO localisation (id, continent_id, pays_id, region, departement, ville, adresse) VALUES (1, 1, 1, 'PACA', 'Savoie', 'Chambéry', 'Route de la Haute Montagne');
INSERT INTO localisation (id, continent_id, pays_id, region, departement, ville, adresse) VALUES (2, 2, 2, 'Colorado', '', '', 'Chaînon Mosquito');
INSERT INTO localisation (id, continent_id, pays_id, region, departement, ville, adresse) VALUES (3, 1, 1, 'PACA', 'Haute-Savoie', 'Montgenèvre', 'Route de la Haute Montagne');
INSERT INTO localisation (id, continent_id, pays_id, region, departement, ville, adresse) VALUES (4, 2, 2, 'Colorado', '', '', 'Plateau de la White River');
INSERT INTO localisation (id, continent_id, pays_id, region, departement, ville, adresse) VALUES (5, 1, 1, 'Pyrhenees', 'Pyrhenees', 'Pyrhenees city', 'Route de la Ptite Montagne');
INSERT INTO site (id, localisation_id, nom, tag) VALUES (1, 1, 'site de Chambéry', true);
INSERT INTO site (id, localisation_id, nom, tag) VALUES (2, 2, 'Mont Lincoln', false);
INSERT INTO site (id, localisation_id, nom, tag) VALUES (3, 3, 'Mont Janus', true);
INSERT INTO site (id, localisation_id, nom, tag) VALUES (4, 4, 'Flat Top Mountain', false);
INSERT INTO site (id, localisation_id, nom, tag) VALUES (5, 5, 'Pic des Pyrhénées', false);
INSERT INTO secteur (id, nom, site_id) VALUES (1, 'Secteur de l"ourson', 1);
INSERT INTO secteur (id, nom, site_id) VALUES (2, 'Secteur de l"ours blanc', 1);
INSERT INTO secteur (id, nom, site_id) VALUES (3, 'Secteur 1', 2);
INSERT INTO secteur (id, nom, site_id) VALUES (4, 'Secteur 2', 2);
INSERT INTO secteur (id, nom, site_id) VALUES (5, 'Secteur 3', 2);
INSERT INTO voie (id, nom, secteur_id, cotation, equipee) VALUES (1, 'Pied de l"ourson', 1, '2', false);
INSERT INTO voie (id, nom, secteur_id, cotation, equipee) VALUES (2, 'Tibia de l"ourson', 1, '4A', false );
INSERT INTO voie (id, nom, secteur_id, cotation, equipee) VALUES (3, 'Cuisse de l"ourson', 1, '5B', true );
INSERT INTO voie (id, nom, secteur_id, cotation, equipee) VALUES (4, 'Pied de l"ours', 2, '3B', false );
INSERT INTO voie (id, nom, secteur_id, cotation, equipee) VALUES (5, 'Tibia de l"ours', 2, '5A', false );
INSERT INTO voie (id, nom, secteur_id, cotation, equipee) VALUES (6, 'Cuisse de l"ours', 2, '7B', true );
INSERT INTO longueur (id, nom, voie_id, cotation) VALUES (1, 'Orteils de l"ourson', 1, '2');
INSERT INTO longueur (id, nom, voie_id, cotation) VALUES (2, 'Cheville de l"ourson', 1, '2');
INSERT INTO longueur (id, nom, voie_id, cotation) VALUES (3, 'Tibia de l"ourson', 2, '4A');
INSERT INTO longueur (id, nom, voie_id, cotation) VALUES (4, 'Genou de l"ourson', 2, '4A');
INSERT INTO longueur (id, nom, voie_id, cotation) VALUES (5, 'Cuisse de l"ourson', 3, '5A');
INSERT INTO longueur (id, nom, voie_id, cotation) VALUES (6, 'Hanche de l"ourson', 3, '5B');
