INSERT INTO role (id, role) VALUES (1, 'Administrateur');
INSERT INTO role (id, role) VALUES (2, 'Membre');
INSERT INTO role (id, role) VALUES (3, 'Utilisateur');
INSERT INTO continent (id, nom) VALUES (1, 'Europe');
INSERT INTO continent (id, nom) VALUES (2, 'Amérique du nord');
INSERT INTO continent (id, nom) VALUES (3, 'Amérique du sud');
INSERT INTO continent (id, nom) VALUES (4, 'Afrique');
INSERT INTO continent (id, nom) VALUES (5, 'Asie');
INSERT INTO continent (id, nom) VALUES (6, 'Océanie');
INSERT INTO pays (id, nom, continent_id) VALUES (1, 'France', 1);
INSERT INTO pays (id, nom, continent_id) VALUES (2, 'Etats-Unis', 2);
INSERT INTO pays (id, nom, continent_id) VALUES (3, 'Bolivie', 3);
INSERT INTO pays (id, nom, continent_id) VALUES (4, 'Canada', 2);
INSERT INTO pays (id, nom, continent_id) VALUES (5, 'Chine', 5);
INSERT INTO pays (id, nom, continent_id) VALUES (6, 'Australie', 6);
INSERT INTO pays (id, nom, continent_id) VALUES (7, 'Afrique du sud', 4);
INSERT INTO pays (id, nom, continent_id) VALUES (8, 'Maroc', 4);
INSERT INTO pays (id, nom, continent_id) VALUES (9, 'Italie', 1);
INSERT INTO localisation (id, continent_id, pays_id, region, departement, ville, adresse) VALUES (1, 1, 1, 'PACA', 'Savoie', 'Chambéry', 'Route de la Haute Montagne');
INSERT INTO localisation (id, continent_id, pays_id, region, departement, ville, adresse) VALUES (2, 2, 2, 'Colorado', '', '', 'Chaînon Mosquito');
INSERT INTO localisation (id, continent_id, pays_id, region, departement, ville, adresse) VALUES (3, 1, 1, 'PACA', 'Haute-Savoie', 'Montgenèvre', 'Route de la Haute Montagne');
INSERT INTO localisation (id, continent_id, pays_id, region, departement, ville, adresse) VALUES (4, 2, 2, 'Colorado', '', '', 'Plateau de la White River');
INSERT INTO site (id, localisation_id, nom, tag) VALUES (1, 1, 'site de Chambéry', true);
INSERT INTO site (id, localisation_id, nom, tag) VALUES (2, 2, 'Mont Lincoln', false);
INSERT INTO site (id, localisation_id, nom, tag) VALUES (3, 3, 'Mont Janus', true);
INSERT INTO site (id, localisation_id, nom, tag) VALUES (4, 4, 'Flat Top Mountain', false);
