INSERT INTO continent (id, nom) VALUES (1, 'Europe');
INSERT INTO continent (id, nom) VALUES (2, 'Amérique du nord');
INSERT INTO continent (id, nom) VALUES (3, 'Amérique du sud');
INSERT INTO continent (id, nom) VALUES (4, 'Afrique');
INSERT INTO continent (id, nom) VALUES (5, 'Asie');
INSERT INTO continent (id, nom) VALUES (6, 'Océanie');
INSERT INTO pays (id, nom, continent_id) VALUES (1, 'France', 1);
INSERT INTO pays (id, nom, continent_id) VALUES (2, 'Etats-Unis', 2);
INSERT INTO pays (id, nom, continent_id) VALUES (3, 'Bolivie', 3);
INSERT INTO pays (id, nom, continent_id) VALUES (4, 'Canada', 2);
INSERT INTO pays (id, nom, continent_id) VALUES (5, 'Chine', 5);
INSERT INTO pays (id, nom, continent_id) VALUES (6, 'Australie', 6);
INSERT INTO pays (id, nom, continent_id) VALUES (7, 'Afrique du sud', 4);
INSERT INTO pays (id, nom, continent_id) VALUES (8, 'Maroc', 4);
INSERT INTO pays (id, nom, continent_id) VALUES (9, 'Italie', 1);
INSERT INTO pays (id, nom, continent_id) VALUES (10, 'Pérou', 3);
INSERT INTO pays (id, nom, continent_id) VALUES (11, 'Colombie', 3);
INSERT INTO pays (id, nom, continent_id) VALUES (12, 'Equateur', 3);
INSERT INTO pays (id, nom, continent_id) VALUES (13, 'Japon', 5);
INSERT INTO pays (id, nom, continent_id) VALUES (14, 'Nouvelle-Zélande', 6);
INSERT INTO localisation (id, adresse, departement, region, ville, continent_id, pays_id, site_id) VALUES (1, 'Route de la Haute Montagne', 'Savoie', 'PACA', 'Chambéry', 1, 1, NULL);
INSERT INTO localisation (id, adresse, departement, region, ville, continent_id, pays_id, site_id) VALUES (2, 'Chaînon Mosquito', '', 'Colorado', '', 2, 2, NULL);
INSERT INTO localisation (id, adresse, departement, region, ville, continent_id, pays_id, site_id) VALUES (3, 'Route de la Haute Montagne', 'Haute-Savoie', 'PACA', 'Montgenèvre', 1, 1, NULL);
INSERT INTO localisation (id, adresse, departement, region, ville, continent_id, pays_id, site_id) VALUES (4, 'Plateau de la White River', '', 'Colorado', '', 2, 2, NULL);
INSERT INTO localisation (id, adresse, departement, region, ville, continent_id, pays_id, site_id) VALUES (5, 'Route de la Ptite Montagne', 'Pyrénées', 'Pyrénées', 'Pyrénées city', 1, 1, NULL);
INSERT INTO localisation (id, adresse, departement, region, ville, continent_id, pays_id, site_id) VALUES (6, 'Route des aborigènes', 'Nouvelle Galle du Sud', 'Alpes Australiennes', 'Sydney', 6, 6, NULL);
INSERT INTO localisation (id, adresse, departement, region, ville, continent_id, pays_id, site_id) VALUES (7, 'Akaroa', 'Canterbury', 'Te Waipounamu', 'Christchurch', 6, 14, NULL);
INSERT INTO localisation (id, adresse, departement, region, ville, continent_id, pays_id, site_id) VALUES (8, '', 'GUIZHOU', 'GUIZHOU', 'GUIYANG', 5, 5, NULL);
INSERT INTO localisation (id, adresse, departement, region, ville, continent_id, pays_id, site_id) VALUES (9, 'TENRYU', 'NAGANO-KEN', 'CHUBU-CHIHO', 'SHIMOINA-GUN', 5, 13, NULL);
INSERT INTO localisation (id, adresse, departement, region, ville, continent_id, pays_id, site_id) VALUES (10, '', 'EMGWENYA', 'EMALAHLENI', 'JOHANNESBURG', 4, 7, NULL);
INSERT INTO localisation (id, adresse, departement, region, ville, continent_id, pays_id, site_id) VALUES (11, '', '', 'ZOUÏAT AHANESAL', 'ZAOUÏA', 4, 8, NULL);
INSERT INTO localisation (id, adresse, departement, region, ville, continent_id, pays_id, site_id) VALUES (12, 'GAETA', 'PROVINCIA DI LATINA', 'LAZIO', 'NAPOLI', 1, 9, NULL);
INSERT INTO localisation (id, adresse, departement, region, ville, continent_id, pays_id, site_id) VALUES (13, 'ESTANCIA CHURATA', 'DEPARTAMENTO DE POTOSI', 'ANTONIO QUIJARRO', 'POTOSI', 3, 3, NULL);
INSERT INTO localisation (id, adresse, departement, region, ville, continent_id, pays_id, site_id) VALUES (14, 'PAPALLACTA', 'CANTÓN QUIJOS', 'PROVINCIA DE NAPO', 'QUITO', 3, 12, NULL);
INSERT INTO site (id, nom, tag, localisation_id) VALUES (1, 'site de Chambéry', true, 1);
INSERT INTO site (id, nom, tag, localisation_id) VALUES (3, 'Mont Janus', true, 3);
INSERT INTO site (id, nom, tag, localisation_id) VALUES (4, 'Flat Top Mountain', false, 4);
INSERT INTO site (id, nom, tag, localisation_id) VALUES (5, 'Pic des Pyrénées', false, 5);
INSERT INTO site (id, nom, tag, localisation_id) VALUES (6, 'Snowy Mountains', false, 6);
INSERT INTO site (id, nom, tag, localisation_id) VALUES (8, 'CHUANGSHANG', false, 8);
INSERT INTO site (id, nom, tag, localisation_id) VALUES (11, 'TAGHIA', false, 11);
INSERT INTO site (id, nom, tag, localisation_id) VALUES (12, 'Montagna Spaccata', false, 12);
INSERT INTO site (id, nom, tag, localisation_id) VALUES (13, 'EL EDEN', false, 13);
INSERT INTO site (id, nom, tag, localisation_id) VALUES (14, 'CUYUJA', false, 14);
INSERT INTO site (id, nom, tag, localisation_id) VALUES (2, 'Mont Lincoln', true, 2);
INSERT INTO site (id, nom, tag, localisation_id) VALUES (7, 'Mont OTEPATOTU', true, 7);
INSERT INTO site (id, nom, tag, localisation_id) VALUES (10, 'BOVEN', true, 10);
INSERT INTO site (id, nom, tag, localisation_id) VALUES (9, 'TOYAMAGAWA', true, 9);
